image_name,precision,recall,f1_score,detected_objects,inference_time_ms,gpu_memory_delta_mb
Enterobius-vermicularis_0791_jpg.rf.8004093bfb2cc802b4da0504ef678aad.jpg,1.0,1.0,1.0,1,400.79307556152344,216.0
100619_jpg.rf.81f4320b9297db73a418773c05ff70c8.jpg,0.5,1.0,0.6666666666666666,2,237.31350898742676,0.0
100098_png_jpg.rf.824cee337343b095077a486b789a9e0c.jpg,1.0,1.0,1.0,6,217.7410125732422,0.0
Ascaris-lumbricoides_0197_jpg.rf.80ce15b770da167fe25f1731e6e45d72.jpg,1.0,1.0,1.0,1,439.3806457519531,0.0
Enterobius-vermicularis_0535_jpg.rf.83e381224cce8117730c8d3651afb26c.jpg,1.0,1.0,1.0,1,309.82279777526855,252.0
Taenia-spp-egg_0438_jpg.rf.86ed2d0062a16ca4213fb48118b6a451.jpg,1.0,1.0,1.0,1,310.26363372802734,0.0
Ascaris-lumbricoides_0044_jpg.rf.878e1b1cebb2e6f7d65ec07537fab9bc.jpg,1.0,1.0,1.0,1,209.84745025634766,0.0
Opisthorchis-viverrine_0120_jpg.rf.8820b78dcec0b765b3517c608f280de3.jpg,1.0,1.0,1.0,1,257.8549385070801,0.0
Enterobius-vermicularis_0505_jpg.rf.87f0eff69315e829c02d936c6ab7c381.jpg,1.0,1.0,1.0,1,223.93441200256348,0.0
Ascaris-lumbricoides_0875_jpg.rf.898b988b42ff966d8220eb5b32484b09.jpg,1.0,1.0,1.0,1,310.2560043334961,0.0
Opisthorchis-viverrine_0950_jpg.rf.892d975789be6763261f08b2fb4d3016.jpg,1.0,1.0,1.0,1,368.17336082458496,0.0
Taenia-spp-egg_0120_jpg.rf.8ad2e3ef04d8b3fa46e5aaa4e3368abd.jpg,1.0,1.0,1.0,1,209.18726921081543,0.0
Opisthorchis-viverrine_0824_jpg.rf.8aea8fd37d164ad512e37b1088e8098b.jpg,1.0,1.0,1.0,1,241.75524711608887,0.0
Opisthorchis-viverrine_0470_jpg.rf.8a27265374fe25d09b3b8f81ac2b3d23.jpg,1.0,1.0,1.0,1,402.1344184875488,0.0
Opisthorchis-viverrine_0883_jpg.rf.8afb590b8f6fd26dbbdee5b0de30f8a9.jpg,1.0,1.0,1.0,1,311.22279167175293,0.0
Taenia-spp-egg_0439_jpg.rf.8c05806a9571e89de5fc641d9330cbcf.jpg,1.0,1.0,1.0,1,309.4613552093506,0.0
Enterobius-vermicularis_0797_jpg.rf.8cd3a3a5e322b16c5576e424e467c4e5.jpg,1.0,1.0,1.0,1,376.7738342285156,0.0
Ascaris-lumbricoides_0395_jpg.rf.8d7e3c7cb93ee7d2f1fa56b8ee79f928.jpg,1.0,1.0,1.0,1,306.6141605377197,0.0
Fasciolopsis-buski_0397_jpg.rf.8eb04724ce0a5b362bd182ec3ac0697a.jpg,1.0,1.0,1.0,1,307.38162994384766,0.0
Opisthorchis-viverrine_0847_jpg.rf.8e52afd8c355b1b15a6d2aa425469122.jpg,1.0,1.0,1.0,1,315.563440322876,0.0
Fasciolopsis-buski_0247_jpg.rf.8ec7a8b308f794c9082802775bb705fb.jpg,1.0,1.0,1.0,1,406.3544273376465,0.0
Enterobius-vermicularis_0835_jpg.rf.8e51702c80a2bb2b412b00181910b0a3.jpg,1.0,1.0,1.0,1,369.32921409606934,0.0
Enterobius-vermicularis_0807_jpg.rf.8f554a05507f02a60d4d672885cbb397.jpg,1.0,1.0,1.0,1,290.21239280700684,0.0
Ascaris-lumbricoides_0323_jpg.rf.8efff6539bc870c6c6bb2904e45a7fe6.jpg,1.0,1.0,1.0,1,236.525297164917,0.0
Ascaris-lumbricoides_0965_jpg.rf.90302979b508752a3c64a6be3f4890bd.jpg,1.0,1.0,1.0,1,296.2956428527832,0.0
Taenia-spp-egg_0999_jpg.rf.9037ad6c34b2d8ec4acdb0d82f4f6589.jpg,1.0,1.0,1.0,1,304.80337142944336,0.0
Ascaris-lumbricoides_0933_jpg.rf.8fb76cc8fcf1390272f927268e0d654e.jpg,1.0,1.0,1.0,1,361.10901832580566,0.0
Ascaris-lumbricoides_0765_jpg.rf.9071699d6bc161fd0c1eaffcb6600d80.jpg,1.0,1.0,1.0,1,286.5593433380127,0.0
Fasciolopsis-buski_0908_jpg.rf.914f6592e65894483e0b76b247a4fcd8.jpg,1.0,1.0,1.0,1,307.80959129333496,0.0
Opisthorchis-viverrine_0749_jpg.rf.90b24a924223c7c5b054cf9cb752c785.jpg,1.0,1.0,1.0,1,294.8734760284424,0.0
Fasciolopsis-buski_0834_jpg.rf.9160e67929cf6b94ffb7c12f24b8d7cf.jpg,1.0,1.0,1.0,1,246.5384006500244,0.0
Fasciolopsis-buski_0885_jpg.rf.91a59ca2c4b1c2cc0169fa0116f40565.jpg,1.0,1.0,1.0,1,233.21199417114258,0.0
Opisthorchis-viverrine_0114_jpg.rf.923bdba1319beb31eeed6607f115bcc6.jpg,1.0,1.0,1.0,1,217.98038482666016,0.0
Enterobius-vermicularis_0611_jpg.rf.947980d1e368773e1d26dff04d97f9c1.jpg,1.0,1.0,1.0,1,228.84082794189453,0.0
100089_jpg.rf.961b656ddc35ce84fbf2cf82e5542bf7.jpg,1.0,1.0,1.0,1,291.31078720092773,0.0
Fasciolopsis-buski_0154_jpg.rf.9644f89ced8661b4b76bd865a003ac78.jpg,1.0,1.0,1.0,1,261.7173194885254,0.0
Ascaris-lumbricoides_0109_jpg.rf.970b864771251e2ddc377f4ad6844ecf.jpg,1.0,1.0,1.0,1,259.2473030090332,0.0
100438_png_jpg.rf.9714abaeb701bc2f18103cfb8dce4b63.jpg,1.0,1.0,1.0,19,303.6823272705078,264.0
Fasciolopsis-buski_0051_jpg.rf.973e974d8abd79d69e9a9849b029f47d.jpg,1.0,1.0,1.0,1,280.411958694458,0.0
Ascaris-lumbricoides_0850_jpg.rf.985ae3d61de883fbc46a47d3ecebaa0e.jpg,1.0,1.0,1.0,1,309.10611152648926,0.0
Fasciolopsis-buski_0707_jpg.rf.9ad336341bf471f8dfba0072fa050140.jpg,1.0,1.0,1.0,1,260.0820064544678,0.0
Fasciolopsis-buski_0293_jpg.rf.9acf7697de6e25c383f4c8f354b54cc9.jpg,1.0,1.0,1.0,1,337.8596305847168,0.0
Taenia-spp-egg_0150_jpg.rf.9b14ac9379e8b24588f5fd28fb11dcb9.jpg,1.0,1.0,1.0,1,259.03940200805664,0.0
Taenia-spp-egg_0456_jpg.rf.9b9de92c26c8b1ed6ac74561c5923dbd.jpg,1.0,1.0,1.0,1,398.64158630371094,0.0
Fasciolopsis-buski_0423_jpg.rf.9c4e46cc6df7b8a5dee94f4669537f43.jpg,1.0,1.0,1.0,1,227.39744186401367,0.0
Ascaris-lumbricoides_0461_jpg.rf.9bb9f332106021e386e3a1420182882f.jpg,1.0,1.0,1.0,1,309.18431282043457,0.0
Fasciolopsis-buski_0627_jpg.rf.9dc04ac143d9f30b55e3fd6f9a9a7bf7.jpg,1.0,1.0,1.0,1,264.0416622161865,0.0
Fasciolopsis-buski_0392_jpg.rf.9f856f5855315a6278367d78b59c1e1a.jpg,1.0,1.0,1.0,1,319.58889961242676,0.0
Ascaris-lumbricoides_0737_jpg.rf.9f7d8a4431da9983c8646c15093ea153.jpg,1.0,1.0,1.0,1,293.6239242553711,0.0
Enterobius-vermicularis_0221_jpg.rf.a05daf02bb2e91f5b5d0ffcae1aad477.jpg,0.5,1.0,0.6666666666666666,2,280.9922695159912,0.0
Ascaris-lumbricoides_0414_jpg.rf.a0f36a63d4d336933044be86f5571c03.jpg,1.0,1.0,1.0,1,242.57946014404297,0.0
Taenia-spp-egg_0202_jpg.rf.a1a337fd8b082cf036b255199187b27a.jpg,1.0,1.0,1.0,1,429.898738861084,0.0
100074_jpg.rf.a09c88dd9620d9c2424cdb88e2cacda8.jpg,1.0,1.0,1.0,1,254.53972816467285,0.0
Taenia-spp-egg_0472_jpg.rf.a1302f5d29a981934a2c1814138d41c4.jpg,1.0,1.0,1.0,1,409.75332260131836,0.0
Ascaris-lumbricoides_0955_jpg.rf.0126e5785f739211875ae64d11c5e4f8.jpg,1.0,1.0,1.0,1,362.2124195098877,0.0
Fasciolopsis-buski_0304_jpg.rf.00f6cf589b0bbb074c24d95ffbc53d9b.jpg,1.0,1.0,1.0,1,406.71706199645996,0.0
100630_jpg.rf.0141ecbe0e1bb20ebb3d06918227e0b5.jpg,1.0,1.0,1.0,1,199.07212257385254,0.0
Enterobius-vermicularis_0880_jpg.rf.014f732f38c5051dee602915ee1f6d5f.jpg,1.0,1.0,1.0,1,347.52631187438965,0.0
Opisthorchis-viverrine_0841_jpg.rf.004fda79ba7dd33b2ee85d9468b7b7f3.jpg,1.0,1.0,1.0,1,230.38339614868164,0.0
Ascaris-lumbricoides_0730_jpg.rf.03e8f8d4ac82a78857485b6ebea599c1.jpg,1.0,1.0,1.0,1,368.7899112701416,0.0
Enterobius-vermicularis_0809_jpg.rf.0491ef09c9b060cc7318e7903ba54f2b.jpg,1.0,1.0,1.0,1,350.0490188598633,0.0
Fasciolopsis-buski_0606_jpg.rf.043f9034aa24713fc2b16cc9256d5f76.jpg,1.0,1.0,1.0,1,416.11599922180176,0.0
Enterobius-vermicularis_0163_jpg.rf.0506aab8e2e87e9b1b4759a637f3453f.jpg,1.0,1.0,1.0,1,259.4294548034668,0.0
Opisthorchis-viverrine_0172_jpg.rf.04cd3f2a81587893ecb5520664bbecb2.jpg,1.0,1.0,1.0,1,391.1895751953125,0.0
Ascaris-lumbricoides_0235_jpg.rf.04b35ef5ca38feb855731e97970324cf.jpg,1.0,1.0,1.0,1,347.55635261535645,0.0
Taenia-spp-egg_0387_jpg.rf.05d933b7405b25b24e3507ad707c70a9.jpg,1.0,1.0,1.0,1,315.42372703552246,0.0
Ascaris-lumbricoides_0062_jpg.rf.06cfb7251900c2a469abd4f9a756c185.jpg,1.0,1.0,1.0,1,218.3220386505127,0.0
Enterobius-vermicularis_0862_jpg.rf.06bcc52416b4d4b16c3fa97621184e09.jpg,1.0,1.0,1.0,1,361.9818687438965,0.0
Ascaris-lumbricoides_0334_jpg.rf.07b2fca0d2cb7ec380e695294bdeb45c.jpg,1.0,1.0,1.0,1,309.91148948669434,0.0
Fasciolopsis-buski_0699_jpg.rf.08512534758d05d5e5d6474aa46403c1.jpg,1.0,1.0,1.0,1,283.9035987854004,0.0
Opisthorchis-viverrine_0429_jpg.rf.0928d9d2a25520644bfe3114b7cb5f8d.jpg,1.0,1.0,1.0,1,236.30428314208984,0.0
Opisthorchis-viverrine_0092_jpg.rf.09f711369ba68a6f12e8e0aa3acad96c.jpg,1.0,1.0,1.0,1,263.48233222961426,0.0
Taenia-spp-egg_0981_jpg.rf.09f379d3590448b7a991af1068440022.jpg,1.0,1.0,1.0,1,277.5084972381592,0.0
Fasciolopsis-buski_0521_jpg.rf.0a2fa1b3c364959238831068e31ab95d.jpg,1.0,1.0,1.0,1,387.5441551208496,0.0
Ascaris-lumbricoides_0949_jpg.rf.0b159fde83298ab1defe13de13769e47.jpg,1.0,1.0,1.0,1,281.1610698699951,0.0
Ascaris-lumbricoides_0286_jpg.rf.0af1a16404fbfd55fd9cb13a4204e536.jpg,1.0,1.0,1.0,1,404.21557426452637,0.0
Opisthorchis-viverrine_0147_jpg.rf.0ca1a5889721b9f362e5640ac59472fa.jpg,1.0,1.0,1.0,1,265.4871940612793,0.0
Opisthorchis-viverrine_0816_jpg.rf.0c2b196377520787b5ed825b8f201dcd.jpg,1.0,1.0,1.0,1,249.21464920043945,0.0
Opisthorchis-viverrine_0693_jpg.rf.0d641fc08c22c1f7c9b899fdac72456c.jpg,1.0,1.0,1.0,1,266.73436164855957,0.0
Fasciolopsis-buski_0792_jpg.rf.0ca6faad7d8d27a087bdf9bd014bcb56.jpg,1.0,1.0,1.0,1,345.0043201446533,0.0
Ascaris-lumbricoides_0293_jpg.rf.0d662264fd62e81e655f2b4bc5e11dc0.jpg,1.0,1.0,1.0,1,353.809118270874,0.0
Fasciolopsis-buski_0804_jpg.rf.0d863b90885a238b3741ae36fa3769ef.jpg,1.0,1.0,1.0,1,350.1782417297363,0.0
Opisthorchis-viverrine_0829_jpg.rf.0e81c3460c7b0bd90d4de3d86229de09.jpg,1.0,1.0,1.0,1,315.20533561706543,0.0
Ascaris-lumbricoides_0520_jpg.rf.0e53023aaabf8a81bf719c6be809b345.jpg,1.0,1.0,1.0,1,428.117036819458,0.0
Opisthorchis-viverrine_0415_jpg.rf.0ee7de437b967193ed5f3fd8654c218f.jpg,1.0,1.0,1.0,1,308.1643581390381,0.0
Fasciolopsis-buski_0008_jpg.rf.0f64ad27c77f81da859604a23e47c56d.jpg,1.0,1.0,1.0,1,216.88294410705566,0.0
Ascaris-lumbricoides_0172_jpg.rf.0f2733ec2bafeef3e80bbdfb862eb24f.jpg,1.0,1.0,1.0,1,412.9934310913086,0.0
Opisthorchis-viverrine_0972_jpg.rf.0fc6c103749c6e0b265fc57827fd8d60.jpg,1.0,1.0,1.0,1,354.778528213501,0.0
Taenia-spp-egg_0349_jpg.rf.109eb201a97f7b13990242cb507eee40.jpg,1.0,1.0,1.0,1,229.95758056640625,0.0
Enterobius-vermicularis_0448_jpg.rf.1055676976ffe05b36a8b17fd6c747bd.jpg,1.0,1.0,1.0,1,357.3565483093262,0.0
Enterobius-vermicularis_0676_jpg.rf.121382c9ec73f3f0b071c07b45eb7a18.jpg,1.0,1.0,1.0,1,245.48006057739258,0.0
Ascaris-lumbricoides_0908_jpg.rf.11d9de6aa90f32c0d884c4f96172f205.jpg,1.0,1.0,1.0,1,307.8656196594238,0.0
Enterobius-vermicularis_0363_jpg.rf.11c7c62c12d881923af0eb3addd20f7b.jpg,1.0,1.0,1.0,1,294.025182723999,0.0
Taenia-spp-egg_0726_jpg.rf.124a95d4596c193c28ba0257c52a8261.jpg,1.0,1.0,1.0,1,351.2749671936035,0.0
100227_jpg.rf.12b35211ae53d6200e9cb8f618ec2774.jpg,1.0,1.0,1.0,2,298.78973960876465,0.0
Opisthorchis-viverrine_0935_jpg.rf.12dd4bd818a57b6fe23933131725d239.jpg,1.0,1.0,1.0,1,276.87597274780273,0.0
Ascaris-lumbricoides_0378_jpg.rf.140a6b99ddbe9e0248706dcec0880948.jpg,1.0,1.0,1.0,1,250.16427040100098,0.0
Opisthorchis-viverrine_0882_jpg.rf.13e5a85a9887e43c4b3a141aa0bb760d.jpg,1.0,1.0,1.0,1,250.8838176727295,0.0
Enterobius-vermicularis_0469_jpg.rf.13e37959a7bb947a463adeedbcc4c2a5.jpg,1.0,1.0,1.0,1,279.8588275909424,0.0
100629_jpg.rf.13fb91118f9dca8d0e9c84241406d2e8.jpg,1.0,1.0,1.0,1,234.43031311035156,0.0
Opisthorchis-viverrine_0098_jpg.rf.157950504ace4e8b10b15d81e172262f.jpg,1.0,1.0,1.0,1,217.81182289123535,0.0
Opisthorchis-viverrine_0511_jpg.rf.15f02f78e6446ede8574264e03c75c33.jpg,1.0,1.0,1.0,1,312.9100799560547,0.0
Enterobius-vermicularis_0248_jpg.rf.157f9b512ea109013953ece73d7a2acd.jpg,1.0,1.0,1.0,1,218.83583068847656,0.0
Opisthorchis-viverrine_0910_jpg.rf.169cd090403a883e6ba3393d2b31a5a7.jpg,1.0,1.0,1.0,1,355.56483268737793,0.0
Ascaris-lumbricoides_0432_jpg.rf.173f097b1a4937845a7bfdda6a1d6687.jpg,1.0,1.0,1.0,1,309.76223945617676,0.0
Ascaris-lumbricoides_0505_jpg.rf.172875d7f7233bd71cb3634145c0d9eb.jpg,1.0,1.0,1.0,1,421.63944244384766,0.0
Taenia-spp-egg_0729_jpg.rf.185c1d6ccddf6041b089c88d7c188b3e.jpg,1.0,1.0,1.0,1,350.4188060760498,0.0
Opisthorchis-viverrine_0777_jpg.rf.1a1c8b7c35a9e8009bc40458a237e85b.jpg,1.0,1.0,1.0,1,283.0984592437744,0.0
Fasciolopsis-buski_0283_jpg.rf.190da58efe1de36b4394ad10c7976440.jpg,1.0,1.0,1.0,1,355.11040687561035,0.0
Enterobius-vermicularis_0504_jpg.rf.1be27e5d92cf36aa3b4a25fabbada7ae.jpg,1.0,1.0,1.0,1,315.9463405609131,0.0
Opisthorchis-viverrine_0837_jpg.rf.1cd5a500cde716d636b50aec68e3999a.jpg,1.0,1.0,1.0,1,238.62695693969727,0.0
Enterobius-vermicularis_0415_jpg.rf.1d898e17d5073d99dd0d18a975fc9963.jpg,0.5,1.0,0.6666666666666666,2,292.1566963195801,0.0
100626_jpg.rf.1deb114ba32a888ecf182d4817c2524b.jpg,1.0,1.0,1.0,1,283.88333320617676,0.0
Ascaris-lumbricoides_0679_jpg.rf.1d39681fd5530808ab6a34fa80a522c2.jpg,0.5,1.0,0.6666666666666666,2,284.48009490966797,0.0
Taenia-spp-egg_0994_jpg.rf.1e37388c3b3790b218e32f24d8b1533e.jpg,1.0,1.0,1.0,1,344.32101249694824,0.0
Enterobius-vermicularis_0242_jpg.rf.1dfa0a82ff5ab86f3d15e0279b5c808e.jpg,1.0,1.0,1.0,1,220.54815292358398,0.0
Taenia-spp-egg_0713_jpg.rf.1eef6fd8ae605aa26145f7d128fb0ed0.jpg,1.0,1.0,1.0,1,353.0566692352295,0.0
Ascaris-lumbricoides_0136_jpg.rf.a238957c994586791ac726f9f9c65925.jpg,1.0,1.0,1.0,1,217.5915241241455,0.0
Taenia-spp-egg_0783_jpg.rf.a2cd9656c1276e6ece9dd1ec21e6e8f6.jpg,1.0,1.0,1.0,1,374.26185607910156,0.0
Ascaris-lumbricoides_0141_jpg.rf.a21c1f747a2b1410354a32fa35e77c6a.jpg,1.0,1.0,1.0,1,286.9570255279541,0.0
Opisthorchis-viverrine_0348_jpg.rf.a3aa0eed30d4d8f2ef7e401b1f904190.jpg,1.0,1.0,1.0,1,250.22435188293457,0.0
Taenia-spp-egg_0297_jpg.rf.a4b6a30f20391880363b557a7a1ef8a8.jpg,1.0,1.0,1.0,1,348.7727642059326,0.0
Fasciolopsis-buski_0441_jpg.rf.a511ea64cbfb7e9a03c8a89d47462661.jpg,1.0,1.0,1.0,1,240.8294677734375,0.0
Fasciolopsis-buski_0864_jpg.rf.a51877c3a74d3cebf3bf337120f88f04.jpg,1.0,1.0,1.0,1,233.0610752105713,0.0
Fasciolopsis-buski_0814_jpg.rf.a5f4221059e8c902079d9b2eb23a438c.jpg,1.0,1.0,1.0,1,341.031551361084,0.0
Ascaris-lumbricoides_0417_jpg.rf.a790a69fedb225f8e5334abf85c41e06.jpg,1.0,1.0,1.0,1,314.27717208862305,0.0
Ascaris-lumbricoides_0801_jpg.rf.a6d91d98611dc584221e8011ba615e98.jpg,1.0,1.0,1.0,1,273.35405349731445,0.0
Taenia-spp-egg_0085_jpg.rf.a761a73b1793d4e602297e5daef3d481.jpg,1.0,1.0,1.0,1,264.3282413482666,0.0
Opisthorchis-viverrine_0913_jpg.rf.a7734c3a68afb061cd5524119ec007a3.jpg,1.0,1.0,1.0,1,355.09419441223145,0.0
Enterobius-vermicularis_0128_jpg.rf.a7ba1df3b664f9282e2e91a8f646ed79.jpg,1.0,1.0,1.0,1,223.3729362487793,0.0
Opisthorchis-viverrine_0088_jpg.rf.a8303106bc539df7ce4dd2cc81b68b7c.jpg,1.0,1.0,1.0,1,267.2238349914551,0.0
Taenia-spp-egg_0221_jpg.rf.a8dce9047176df290de2030f82a91e26.jpg,1.0,1.0,1.0,1,308.57181549072266,0.0
Enterobius-vermicularis_0565_jpg.rf.a86e0052e052eb2ee782a4c68272bdda.jpg,1.0,1.0,1.0,1,241.04762077331543,0.0
Ascaris-lumbricoides_0244_jpg.rf.a8c04bfd72ea7479e7bb702c7b96313d.jpg,1.0,1.0,1.0,1,393.7366008758545,0.0
Opisthorchis-viverrine_0678_jpg.rf.ab43784feac74303010eb9e10c2c4d4d.jpg,1.0,1.0,1.0,1,222.74374961853027,0.0
Taenia-spp-egg_0049_jpg.rf.add6f300e687e2584d1829a2e2980327.jpg,1.0,1.0,1.0,1,287.7492904663086,0.0
Taenia-spp-egg_0852_jpg.rf.adf733034cfa5d25477dc5f6003d20bf.jpg,1.0,1.0,1.0,1,316.7695999145508,0.0
Enterobius-vermicularis_0019_jpg.rf.ae849e84700bd2e6105b3969f62a578a.jpg,1.0,1.0,1.0,1,265.14482498168945,0.0
Taenia-spp-egg_0209_jpg.rf.ae7096a0cda8c32f4152fea1b2481c09.jpg,1.0,1.0,1.0,1,335.18147468566895,0.0
Opisthorchis-viverrine_0753_jpg.rf.af841834f901d79c12ed83a55b5cfcdb.jpg,1.0,1.0,1.0,1,280.4126739501953,0.0
Ascaris-lumbricoides_0127_jpg.rf.b050296f0e67f59e4a6d3006ff407f67.jpg,1.0,1.0,1.0,1,267.669677734375,0.0
Fasciolopsis-buski_0900_jpg.rf.b08c52d392aaad4e51da672c665578e3.jpg,1.0,1.0,1.0,1,321.4712142944336,0.0
Enterobius-vermicularis_0844_jpg.rf.b171a9e3000d2313e1a0d053794376a0.jpg,1.0,1.0,1.0,1,366.0016059875488,0.0
Opisthorchis-viverrine_0924_jpg.rf.b1eddd94eb1681460928fdcbce438be5.jpg,1.0,1.0,1.0,1,353.564977645874,0.0
Taenia-spp-egg_0385_jpg.rf.b389c409c22dbf30be49fe6be7efcd21.jpg,1.0,1.0,1.0,1,232.9096794128418,0.0
Taenia-spp-egg_0433_jpg.rf.b3c4eb0313177a5dda8e3a3488aa3fab.jpg,1.0,1.0,1.0,1,237.86211013793945,0.0
Taenia-spp-egg_0976_jpg.rf.b3e09d8aca6e274cbc867ab44dbf95a0.jpg,1.0,1.0,1.0,1,348.61159324645996,0.0
Taenia-spp-egg_0291_jpg.rf.b3f73e0552675bcae971ef0036d6fed4.jpg,1.0,1.0,1.0,1,406.62503242492676,0.0
Ascaris-lumbricoides_0495_jpg.rf.b4d8734537c34b11506186865c524805.jpg,1.0,1.0,1.0,1,325.77037811279297,0.0
Opisthorchis-viverrine_0580_jpg.rf.b578d28e487cf24d1cde963cc99a794e.jpg,1.0,1.0,1.0,1,410.77327728271484,0.0
Enterobius-vermicularis_0772_jpg.rf.b5b9f596950e8ef2cb6ec882329b59b8.jpg,1.0,1.0,1.0,1,360.64791679382324,0.0
Fasciolopsis-buski_0190_jpg.rf.b5cf67f270066ceb9b925df5403e1cb3.jpg,1.0,1.0,1.0,1,400.8331298828125,0.0
Ascaris-lumbricoides_0198_jpg.rf.b5d5a11ed816bea8a8467fe6cfda1039.jpg,1.0,1.0,1.0,1,419.4498062133789,0.0
Enterobius-vermicularis_0336_jpg.rf.b6ed83d6673b872b6c4f5f36bd3a8305.jpg,1.0,1.0,1.0,1,363.26122283935547,0.0
100206_png_jpg.rf.b8111362fabd4d87117b8053bb2a3d89.jpg,0.3333333333333333,1.0,0.5,3,304.1350841522217,0.0
Ascaris-lumbricoides_0404_jpg.rf.b8cc1497d714e6e5b3e4b6fd30a39762.jpg,0.5,1.0,0.6666666666666666,2,247.12038040161133,0.0
Fasciolopsis-buski_0905_jpg.rf.ba080cefc990d23af07b3433f7b64949.jpg,1.0,1.0,1.0,1,320.9543228149414,0.0
Taenia-spp-egg_0266_jpg.rf.bb61fa3ab1a9c8eedf7f3292dc14ce8a.jpg,1.0,1.0,1.0,1,415.0855541229248,0.0
Enterobius-vermicularis_0907_jpg.rf.bbcd3e4507803b3d209f3b96fcd7ba68.jpg,1.0,1.0,1.0,1,279.59609031677246,0.0
Ascaris-lumbricoides_0753_jpg.rf.bbfe4dc8f1dd5ad1c903d9d4e060df71.jpg,1.0,1.0,1.0,1,298.0027198791504,0.0
Taenia-spp-egg_0110_jpg.rf.bd57cd01c834705030231c75c9b8f204.jpg,0.5,1.0,0.6666666666666666,2,220.9017276763916,0.0
Taenia-spp-egg_0337_jpg.rf.bdc06d1a8c5355b2b849659a60a38ab0.jpg,1.0,1.0,1.0,1,237.90812492370605,0.0
Enterobius-vermicularis_0941_jpg.rf.be2bdff570b03c653d788fcadcf674ba.jpg,1.0,1.0,1.0,1,348.9270210266113,0.0
Enterobius-vermicularis_0559_jpg.rf.bd795dfb39100c9d43ebf6cb1e2fde1d.jpg,1.0,1.0,1.0,1,316.27440452575684,0.0
100250_png_jpg.rf.be18860176eee0c6c647c6653dab46eb.jpg,1.0,1.0,1.0,1,308.76660346984863,0.0
Taenia-spp-egg_0737_jpg.rf.bdec39bc122413ddd518efae47f28fed.jpg,1.0,1.0,1.0,1,386.86633110046387,0.0
Enterobius-vermicularis_0625_jpg.rf.be420c4206203ed95b6afbbebf5a14b7.jpg,1.0,1.0,1.0,1,314.46099281311035,0.0
Ascaris-lumbricoides_0085_jpg.rf.bed9f8db7b1bb782757254f33c398a6c.jpg,1.0,1.0,1.0,1,265.6424045562744,0.0
Fasciolopsis-buski_0506_jpg.rf.bf0c4c8b742c2f63a46b7f8db9465165.jpg,1.0,1.0,1.0,1,439.55492973327637,0.0
Ascaris-lumbricoides_0106_jpg.rf.c0260a728158e9ffa4f026d089739782.jpg,1.0,1.0,1.0,1,221.32420539855957,0.0
100076_jpg.rf.c023a8ece41c08d2e4c3913212c070f3.jpg,1.0,1.0,1.0,1,247.29657173156738,0.0
100224_png_jpg.rf.c0fa9cf3e82b2bc504a5e6b8f9c7a4c5.jpg,0.5,1.0,0.6666666666666666,2,202.0277976989746,0.0
Fasciolopsis-buski_0370_jpg.rf.61f181e48099d69de7791a108086ce60.jpg,1.0,1.0,1.0,1,320.04833221435547,0.0
Opisthorchis-viverrine_0879_jpg.rf.62d854a119a6dbd7496ea60b714e1fce.jpg,1.0,1.0,1.0,1,323.7466812133789,0.0
Taenia-spp-egg_0847_jpg.rf.62aa215c00b5d3e17a036541e3c318b6.jpg,1.0,1.0,1.0,1,243.09372901916504,0.0
Ascaris-lumbricoides_0564_jpg.rf.61772240ebf5a7973b0984bf7559d9e5.jpg,1.0,1.0,1.0,1,404.7284126281738,0.0
Enterobius-vermicularis_0084_jpg.rf.63ec7d9b3d72944a130808c76ae59f56.jpg,1.0,1.0,1.0,1,220.89099884033203,0.0
Fasciolopsis-buski_0358_jpg.rf.64a54b3c407926aed39d872deb900ca5.jpg,1.0,1.0,1.0,1,319.21839714050293,0.0
Ascaris-lumbricoides_0398_jpg.rf.648305205eb7b119a3d0b877671a60cf.jpg,1.0,1.0,1.0,1,248.55351448059082,0.0
Opisthorchis-viverrine_0364_jpg.rf.65b44aa075f0d06a23b3414e978d58f6.jpg,1.0,1.0,1.0,1,317.4018859863281,0.0
Enterobius-vermicularis_0485_jpg.rf.66a753ba5ec0980c32c07b38495da557.jpg,1.0,1.0,1.0,1,288.21659088134766,0.0
Ascaris-lumbricoides_0327_jpg.rf.66ac00b22932b861d8fd5c015d443a63.jpg,1.0,1.0,1.0,1,236.50145530700684,0.0
Fasciolopsis-buski_0456_jpg.rf.66f7081d4e2196ee02a7f9cc2f33a115.jpg,1.0,1.0,1.0,1,320.62339782714844,0.0
Enterobius-vermicularis_0145_jpg.rf.6733de4dd1b63fe5c49bbc01b621c915.jpg,1.0,1.0,1.0,1,287.46509552001953,0.0
Fasciolopsis-buski_0303_jpg.rf.6713ebf85e374f01fa094ab7afacdfba.jpg,1.0,1.0,1.0,1,334.4447612762451,0.0
Opisthorchis-viverrine_0673_jpg.rf.6792245589de9fa16f4781def5a14503.jpg,1.0,1.0,1.0,1,265.0151252746582,0.0
Enterobius-vermicularis_0003_jpg.rf.680f96451f178b5818b39586a40cfa0c.jpg,1.0,1.0,1.0,1,267.4729824066162,0.0
Ascaris-lumbricoides_0483_jpg.rf.684415d596c8bd001214b5b07b16ea9b.jpg,1.0,1.0,1.0,1,434.93056297302246,0.0
Taenia-spp-egg_0678_jpg.rf.68e3cc15dda71bf744fe7383c501929b.jpg,0.5,1.0,0.6666666666666666,2,263.51356506347656,0.0
Enterobius-vermicularis_0314_jpg.rf.687107f9ded2ac219677efeebf06307a.jpg,1.0,1.0,1.0,1,371.0758686065674,0.0
Ascaris-lumbricoides_0946_jpg.rf.69222ddd4b060924f683a1d4da00ccee.jpg,1.0,1.0,1.0,1,373.90875816345215,0.0
Ascaris-lumbricoides_0613_jpg.rf.6aad5aa8e494944f7ac229a72d304e0e.jpg,1.0,1.0,1.0,1,284.73949432373047,0.0
Opisthorchis-viverrine_0957_jpg.rf.6bbab9acabc5c1056420e85a4e4ab2d1.jpg,1.0,1.0,1.0,1,285.69483757019043,0.0
Enterobius-vermicularis_0257_jpg.rf.6c020117068de2e9b25480d45a3b3c40.jpg,1.0,1.0,1.0,1,286.55171394348145,0.0
Ascaris-lumbricoides_0391_jpg.rf.6db3771fc006d54e8dced41fe761e7d1.jpg,1.0,1.0,1.0,1,315.3197765350342,0.0
100262_png_jpg.rf.6e126aa3ce8aa6d2faaa4e979f12deb9.jpg,0.3333333333333333,1.0,0.5,3,293.5960292816162,0.0
Opisthorchis-viverrine_0111_jpg.rf.6e06dc4696af9a84f3376979d1a9e6eb.jpg,1.0,1.0,1.0,1,267.3068046569824,0.0
Taenia-spp-egg_0009_jpg.rf.6dfd21e5dc4c24dacdb75238a32b89e9.jpg,1.0,1.0,1.0,2,266.3073539733887,0.0
Enterobius-vermicularis_0516_jpg.rf.6fb39d2337f307c4d3671be6c909ac35.jpg,1.0,1.0,1.0,1,245.3780174255371,0.0
Opisthorchis-viverrine_0340_jpg.rf.6fa5b6e515e2067c22a6f3fa5cfaa949.jpg,1.0,1.0,1.0,1,253.93366813659668,0.0
Enterobius-vermicularis_0840_jpg.rf.71143ef638f2fba75bea76ea0322d803.jpg,1.0,1.0,1.0,1,349.13063049316406,0.0
Opisthorchis-viverrine_0680_jpg.rf.711b85ac5be492eabf9781ff266b643c.jpg,1.0,1.0,1.0,1,219.83981132507324,0.0
Fasciolopsis-buski_0491_jpg.rf.7127c3442ea569a1ab3b289bcb8d54f2.jpg,1.0,1.0,1.0,1,409.8341464996338,0.0
Opisthorchis-viverrine_0696_jpg.rf.7172cf08e713e46fa4736df5408c6fe2.jpg,1.0,1.0,1.0,1,221.4345932006836,0.0
Opisthorchis-viverrine_0892_jpg.rf.71587cbec7dce8ec4f032dd638475e81.jpg,1.0,1.0,1.0,1,321.69198989868164,0.0
Enterobius-vermicularis_0481_jpg.rf.71b39ebede84761714b2eb692bcd46c4.jpg,0.5,1.0,0.6666666666666666,2,275.5923271179199,0.0
Taenia-spp-egg_0019_jpg.rf.72599f3551809c90dedd3da55691e862.jpg,1.0,1.0,1.0,1,266.695499420166,0.0
Fasciolopsis-buski_0811_jpg.rf.7268f4a0e0017a1b21d62959f50ed1c4.jpg,1.0,1.0,1.0,1,356.95624351501465,0.0
Opisthorchis-viverrine_0386_jpg.rf.72cc417a8a7df3bd77bb69c720f1fc37.jpg,1.0,1.0,1.0,1,321.8259811401367,0.0
Fasciolopsis-buski_0462_jpg.rf.732ed996704f64ee6e7363066e8d80b4.jpg,1.0,1.0,1.0,1,324.5580196380615,0.0
Taenia-spp-egg_0013_jpg.rf.7312da9f9bccda7f53275cad5e4a50fa.jpg,1.0,1.0,1.0,1,270.2758312225342,0.0
Enterobius-vermicularis_0311_jpg.rf.73362aa056428a257c341bc33bbfc3af.jpg,1.0,1.0,1.0,1,283.5571765899658,0.0
Ascaris-lumbricoides_0915_jpg.rf.7394f8fd28f785943086de7646fb0354.jpg,1.0,1.0,1.0,1,349.684476852417,0.0
Fasciolopsis-buski_0501_jpg.rf.733981fc08f6ebf16db7e8ab0e05ccbb.jpg,1.0,1.0,1.0,1,419.79026794433594,0.0
Enterobius-vermicularis_0340_jpg.rf.72de1e68eae16b187bb4d21e4ef06239.jpg,1.0,1.0,1.0,1,379.1651725769043,0.0
Ascaris-lumbricoides_0350_jpg.rf.73906238af86ea9b58faca7c0ef8ad59.jpg,1.0,1.0,1.0,1,321.99907302856445,0.0
Opisthorchis-viverrine_0930_jpg.rf.743c15277f78af3303351edc0249723e.jpg,1.0,1.0,1.0,1,360.1794242858887,0.0
Opisthorchis-viverrine_0917_jpg.rf.73d6c910c3841e32693e5c2764d2a086.jpg,1.0,1.0,1.0,1,299.5908260345459,0.0
100633_jpg.rf.75626107c424b68b60f4bfca454d28c8.jpg,1.0,1.0,1.0,1,343.64795684814453,0.0
Ascaris-lumbricoides_0539_jpg.rf.76175dc57ac4e4b5c4a03166722f5da2.jpg,1.0,1.0,1.0,1,444.5827007293701,0.0
Ascaris-lumbricoides_0595_jpg.rf.766e52c357711101bcfeb8075a3e1929.jpg,1.0,1.0,1.0,1,451.1711597442627,0.0
Enterobius-vermicularis_0817_jpg.rf.770d16d384a5e3787fc5bcc40ec0c298.jpg,1.0,1.0,1.0,1,358.68215560913086,0.0
Enterobius-vermicularis_0477_jpg.rf.774fc31c6da4a53c5458dfffa8d22075.jpg,1.0,1.0,1.0,1,304.7142028808594,0.0
Ascaris-lumbricoides_0548_jpg.rf.776b47b580a48466374d89bb88691c5c.jpg,1.0,1.0,1.0,1,393.7511444091797,0.0
Enterobius-vermicularis_0670_jpg.rf.77e379d1be1b816e6eaaa97c564eeca9.jpg,1.0,1.0,1.0,1,314.8818016052246,0.0
Ascaris-lumbricoides_0920_jpg.rf.78a72779f99d0baffe4f28a571095f03.jpg,1.0,1.0,1.0,1,350.36516189575195,0.0
Ascaris-lumbricoides_0710_jpg.rf.77e627ca74c4b019e1492cbbd2875dec.jpg,1.0,1.0,1.0,1,364.7010326385498,0.0
Enterobius-vermicularis_0180_jpg.rf.79998d35e554c4d413bfe4c94b30fabc.jpg,1.0,1.0,1.0,1,271.0146903991699,0.0
Ascaris-lumbricoides_0709_jpg.rf.79f9b429c587a333e1b4583337400474.jpg,1.0,1.0,1.0,1,292.4036979675293,0.0
Taenia-spp-egg_0058_jpg.rf.79eb26d89da9081ed70f19f4852dd7e6.jpg,1.0,1.0,1.0,1,264.8489475250244,0.0
Opisthorchis-viverrine_0773_jpg.rf.79e58d3b161bb40e263485d61538b1b0.jpg,1.0,1.0,1.0,1,306.5474033355713,0.0
Ascaris-lumbricoides_0282_jpg.rf.79aa9a887a8fae02fca9e519313c4865.jpg,1.0,1.0,1.0,1,444.0181255340576,0.0
Taenia-spp-egg_0733_jpg.rf.7a666f2f0d55ea51b0cc6805d3273105.jpg,1.0,1.0,1.0,1,280.2865505218506,0.0
Taenia-spp-egg_0272_jpg.rf.7a691070d679d1ab52942ea69c5702cc.jpg,1.0,1.0,1.0,1,387.8638744354248,0.0
Fasciolopsis-buski_0378_jpg.rf.7af6064c5f0826763c475a483ad58e39.jpg,1.0,1.0,1.0,1,314.96429443359375,0.0
Fasciolopsis-buski_0036_jpg.rf.7aa6dfecf46e8ff9e5723007a55fc4fb.jpg,1.0,1.0,1.0,1,268.3284282684326,0.0
Ascaris-lumbricoides_0739_jpg.rf.7b0557b804f8c262ad8c0a2fbaf230dd.jpg,1.0,1.0,1.0,1,352.5712490081787,0.0
Fasciolopsis-buski_0549_jpg.rf.7b7afdaca5602bd55df080e6001f439e.jpg,1.0,1.0,1.0,1,430.18341064453125,0.0
Fasciolopsis-buski_0624_jpg.rf.7be63f3b645e824458ffc72821f39aaa.jpg,1.0,1.0,1.0,1,268.21255683898926,0.0
Opisthorchis-viverrine_0619_jpg.rf.7bed54e0565d600905f2b1b30146ac4b.jpg,1.0,1.0,1.0,1,265.9106254577637,0.0
100173_jpg.rf.7de2d00c339f70b28a8ba21babbf62ba.jpg,1.0,0.9411764705882353,0.9696969696969697,16,337.5253677368164,0.0
Ascaris-lumbricoides_0634_jpg.rf.7e3d2503fadd3842efab034518c50315.jpg,1.0,1.0,1.0,1,269.32525634765625,0.0
Taenia-spp-egg_0508_jpg.rf.7e99b02794adc23bd5c532d969377597.jpg,1.0,1.0,1.0,1,414.75725173950195,0.0
Ascaris-lumbricoides_0814_jpg.rf.7f3762c310bfa53554698e8daf0c7a03.jpg,1.0,1.0,1.0,1,250.5631446838379,0.0
Taenia-spp-egg_0940_jpg.rf.7f286d5159a4466cab259712d21f6e4d.jpg,1.0,1.0,1.0,1,373.4714984893799,0.0
Ascaris-lumbricoides_0562_jpg.rf.3f262a59983122c5111f9e0be02fd647.jpg,1.0,1.0,1.0,1,408.27345848083496,0.0
Fasciolopsis-buski_0748_jpg.rf.3fbf4eb9ed1cf5124a2337bd229bfbd2.jpg,1.0,1.0,1.0,1,365.54670333862305,0.0
Opisthorchis-viverrine_0093_jpg.rf.3fcd432123dca11641ad07b6cf245087.jpg,1.0,1.0,1.0,1,289.28589820861816,0.0
Fasciolopsis-buski_0558_jpg.rf.3fd612a3e3f926a3885e5bb2f5181e39.jpg,0.5,1.0,0.6666666666666666,2,440.48285484313965,0.0
Fasciolopsis-buski_0097_jpg.rf.4091ce735e50ffd7af75c60cc16f5e12.jpg,1.0,1.0,1.0,1,267.4868106842041,0.0
Ascaris-lumbricoides_0981_jpg.rf.41539b995c6c654d3476c126734fd269.jpg,1.0,1.0,1.0,1,278.3501148223877,0.0
Ascaris-lumbricoides_0953_jpg.rf.41824356c8b0643312983b1b7880bed0.jpg,1.0,1.0,1.0,1,280.9140682220459,0.0
Ascaris-lumbricoides_0343_jpg.rf.425c8b02eb6f4465c61acb22757808b8.jpg,1.0,1.0,1.0,1,325.9420394897461,0.0
Ascaris-lumbricoides_0571_jpg.rf.4227fecdb575cc0ae7d89646432ea657.jpg,1.0,1.0,1.0,1,317.46673583984375,0.0
Enterobius-vermicularis_1000_jpg.rf.42472f16313d8c5e87982270b677e5d8.jpg,1.0,1.0,1.0,1,381.7155361175537,0.0
Taenia-spp-egg_0913_jpg.rf.428d14e4743aa8078fc1a649b82f9188.jpg,1.0,1.0,1.0,1,283.09011459350586,0.0
Enterobius-vermicularis_0378_jpg.rf.4392d01dd65230b5d86c6ed82b7a1cdf.jpg,1.0,1.0,1.0,1,358.3683967590332,0.0
Taenia-spp-egg_0906_jpg.rf.43425e135b4747354aef1deff84c1123.jpg,1.0,1.0,1.0,1,379.7030448913574,0.0
Fasciolopsis-buski_0675_jpg.rf.45255e01c83ea38c3f2788d61da03322.jpg,1.0,1.0,1.0,1,264.9197578430176,0.0
Ascaris-lumbricoides_0747_jpg.rf.44c83a4bbd442960cc9ce075ba75eeb2.jpg,1.0,1.0,1.0,1,367.65480041503906,0.0
Ascaris-lumbricoides_0985_jpg.rf.45558d68cda5bfe1bab093b83b12193b.jpg,1.0,1.0,1.0,1,291.72372817993164,0.0
Enterobius-vermicularis_0312_jpg.rf.456cf5a279f5cfe67a4a2c15c2e45b29.jpg,1.0,1.0,1.0,1,371.29950523376465,0.0
Fasciolopsis-buski_0896_jpg.rf.46442a20c2133bdd0f99f83d6207358b.jpg,1.0,1.0,1.0,1,252.95257568359375,0.0
Enterobius-vermicularis_0527_jpg.rf.4688c3fde6a8711c91782f05e3ca343c.jpg,1.0,1.0,1.0,1,319.9658393859863,0.0
Opisthorchis-viverrine_0389_jpg.rf.4646ee6dd726a79d9e287ecb3b6968e9.jpg,1.0,1.0,1.0,1,324.25713539123535,0.0
Ascaris-lumbricoides_0594_jpg.rf.4664c896c5273cd92552b8f70b3eb09c.jpg,1.0,1.0,1.0,1,404.1152000427246,0.0
Ascaris-lumbricoides_0057_jpg.rf.4701245cc34b7b9f03068157d8e35885.jpg,1.0,1.0,1.0,1,292.705774307251,0.0
Opisthorchis-viverrine_0780_jpg.rf.46c49b797b702b237b789c550812495b.jpg,1.0,1.0,1.0,1,358.90865325927734,0.0
Taenia-spp-egg_0537_jpg.rf.4719f9c56a655d971b4cef447591c978.jpg,1.0,1.0,1.0,1,433.35556983947754,0.0
Taenia-spp-egg_0881_jpg.rf.47cef2dc42e478bb678da3e4f88df5ac.jpg,1.0,1.0,1.0,1,314.59832191467285,0.0
Fasciolopsis-buski_0228_jpg.rf.480d3aa4deab422e5036f9e36ba37969.jpg,1.0,1.0,1.0,1,405.73883056640625,0.0
Ascaris-lumbricoides_0274_jpg.rf.492a980f23f6c8efd31040bf0b571ffc.jpg,1.0,1.0,1.0,1,396.1212635040283,0.0
Opisthorchis-viverrine_0710_jpg.rf.497f43d37b8e5286dc7deb1f1d0e0b40.jpg,1.0,1.0,1.0,1,364.987850189209,0.0
Opisthorchis-viverrine_0131_jpg.rf.49641f0ae9054fb4937a299e7cd8eebb.jpg,1.0,1.0,1.0,1,264.4059658050537,0.0
Enterobius-vermicularis_0089_jpg.rf.49c9d3ef75e8005ffa408d838e9ecb77.jpg,1.0,1.0,1.0,1,291.762113571167,0.0
Enterobius-vermicularis_0468_jpg.rf.49cd45a6b0753bc592de67aa177822e1.jpg,1.0,1.0,1.0,1,372.6789951324463,0.0
Opisthorchis-viverrine_0300_jpg.rf.4b455b8a180b10777818228db57bca7f.jpg,1.0,1.0,1.0,1,383.927583694458,0.0
Fasciolopsis-buski_0178_jpg.rf.4a3d379f570a8f1cbfe132bb0c055b41.jpg,0.5,1.0,0.6666666666666666,2,401.55768394470215,0.0
Fasciolopsis-buski_0767_jpg.rf.4b092429686e04f77a40ed02200bfc99.jpg,1.0,1.0,1.0,1,306.0638904571533,0.0
Enterobius-vermicularis_0271_jpg.rf.4c9ead7d6fb982f486ec634bc4dc74d9.jpg,1.0,1.0,1.0,1,279.92820739746094,0.0
Taenia-spp-egg_0060_jpg.rf.4cedd1df0fcb7a2ced06bd7a483792f1.jpg,1.0,1.0,1.0,1,220.3691005706787,0.0
Taenia-spp-egg_0941_jpg.rf.4c4e73da480939492a51376b38f31ccc.jpg,1.0,1.0,1.0,1,355.43131828308105,0.0
Opisthorchis-viverrine_0886_jpg.rf.4d0c98f7547b40db5f09626db8797940.jpg,1.0,1.0,1.0,1,324.4044780731201,0.0
100157_png_jpg.rf.4d9df7536c33c71293117bbdfbf244d0.jpg,0.6666666666666666,1.0,0.8,3,293.7960624694824,0.0
Opisthorchis-viverrine_0530_jpg.rf.4e278b125265f239f7ec7d4ef275f3a8.jpg,1.0,1.0,1.0,1,424.5121479034424,0.0
Taenia-spp-egg_0879_jpg.rf.4eef03e51d73478530727347ecd7acb3.jpg,1.0,1.0,1.0,1,245.19968032836914,0.0
Fasciolopsis-buski_0886_jpg.rf.4f96a630a7c085f447428c38fee0308c.jpg,1.0,1.0,1.0,1,246.17981910705566,0.0
Opisthorchis-viverrine_0827_jpg.rf.4ffad91d707e3c9ae479f9d0f5783b1a.jpg,1.0,1.0,1.0,1,236.6499900817871,0.0
Enterobius-vermicularis_0679_jpg.rf.5004a2e1c75d9b189cdefeac10c9e6bf.jpg,0.5,1.0,0.6666666666666666,2,233.87575149536133,0.0
Enterobius-vermicularis_0075_jpg.rf.4fdda63e17a0d6317908749b943b9b6c.jpg,1.0,1.0,1.0,1,269.99545097351074,0.0
Taenia-spp-egg_0917_jpg.rf.505260ab749da94315d7e668cda28de8.jpg,1.0,1.0,1.0,1,285.7666015625,0.0
Enterobius-vermicularis_0445_jpg.rf.4f80cd5a463ebd7503709b685cff642f.jpg,1.0,1.0,1.0,1,381.29544258117676,0.0
Opisthorchis-viverrine_0217_jpg.rf.4ffaf54f986de2ae5e9d2722ab53fd34.jpg,1.0,1.0,1.0,1,455.3196430206299,0.0
Enterobius-vermicularis_0384_jpg.rf.52029977aa7d48932ee1ba2f125daae4.jpg,0.5,1.0,0.6666666666666666,2,383.83007049560547,0.0
Ascaris-lumbricoides_0874_jpg.rf.5368737e6854476b6d5fabeca02ff6c0.jpg,1.0,1.0,1.0,1,316.17259979248047,0.0
Fasciolopsis-buski_0171_jpg.rf.53cf4a704e4204d6a3db7eb15b97c5bb.jpg,1.0,1.0,1.0,1,402.0276069641113,0.0
Opisthorchis-viverrine_0810_jpg.rf.53a35e067ee9b0f061d763a8c8864edf.jpg,1.0,1.0,1.0,1,248.08120727539062,0.0
Opisthorchis-viverrine_0502_jpg.rf.54bd147c1c0f4ff49704f31e7bf86124.jpg,1.0,1.0,1.0,1,407.0284366607666,0.0
Opisthorchis-viverrine_0790_jpg.rf.546b08c0be269f8bb95ca7564d229832.jpg,1.0,1.0,1.0,1,359.64155197143555,0.0
Enterobius-vermicularis_0576_jpg.rf.547e490cf07cf5f8cf1fbf4560ca393b.jpg,1.0,1.0,1.0,1,319.52643394470215,0.0
Opisthorchis-viverrine_0797_jpg.rf.54d61767beae216875c0d62bbd5310cd.jpg,1.0,1.0,1.0,1,380.5856704711914,0.0
Taenia-spp-egg_0057_jpg.rf.55766a82265ed4a0a2df29d91d2c5570.jpg,1.0,1.0,1.0,3,266.38078689575195,0.0
Opisthorchis-viverrine_0758_jpg.rf.562fdb5da69dc83c39c0b2510c624f25.jpg,1.0,1.0,1.0,1,357.61165618896484,0.0
Ascaris-lumbricoides_0066_jpg.rf.5703fb92850223ff13d7c079596bd9ff.jpg,1.0,1.0,1.0,1,271.7101573944092,0.0
Taenia-spp-egg_0068_jpg.rf.576d0a0596024ad70e1cedfa1b7a84fb.jpg,1.0,1.0,1.0,1,269.54054832458496,0.0
Fasciolopsis-buski_0829_jpg.rf.58197ca00a9a7fcd56fb4ce6fffdff24.jpg,1.0,1.0,1.0,1,233.48283767700195,0.0
Ascaris-lumbricoides_0657_jpg.rf.587ec7696979ef6f9b795f9fa6201c12.jpg,1.0,1.0,1.0,1,297.09362983703613,0.0
Taenia-spp-egg_0479_jpg.rf.582f94bdda4eaf6f47fd6b064037c45f.jpg,1.0,1.0,1.0,1,345.1523780822754,0.0
Enterobius-vermicularis_0568_jpg.rf.5a3f4078d0057095b06d63ce30eb0250.jpg,1.0,1.0,1.0,1,317.38996505737305,0.0
Taenia-spp-egg_0809_jpg.rf.5ada0e39f6eb385255a5ab96757be7f7.jpg,1.0,1.0,1.0,1,323.9877223968506,0.0
Ascaris-lumbricoides_0249_jpg.rf.5af828e148a9ab3302be450ca0795a82.jpg,1.0,1.0,1.0,1,465.0266170501709,0.0
Fasciolopsis-buski_0140_jpg.rf.5bc8fa676abc1e36ec51945e304144e7.jpg,1.0,1.0,1.0,1,269.7131633758545,0.0
Ascaris-lumbricoides_0204_jpg.rf.5d57dd4f871cbedc876ebcb93ded8dbc.jpg,0.5,1.0,0.6666666666666666,2,402.74786949157715,0.0
Fasciolopsis-buski_0260_jpg.rf.5d6c2541b47474af60be8699485dde1d.jpg,1.0,1.0,1.0,1,413.9223098754883,0.0
Opisthorchis-viverrine_0319_jpg.rf.5db577ff6f268663069d936916cb547e.jpg,1.0,1.0,1.0,1,319.00763511657715,0.0
Ascaris-lumbricoides_0611_jpg.rf.5efabdd1d58f5e273d54b7fd08f8eb34.jpg,1.0,1.0,1.0,1,265.9299373626709,0.0
Fasciolopsis-buski_0037_jpg.rf.5f7a698e1383c4ad327f5832a945a2f7.jpg,1.0,1.0,1.0,1,271.9390392303467,0.0
Taenia-spp-egg_0673_jpg.rf.603ccd385ff23700fc76d0a1c857d953.jpg,1.0,1.0,1.0,1,258.84342193603516,0.0
Taenia-spp-egg_0121_jpg.rf.612f7d783ef46b983c78c7136faabeb8.jpg,1.0,1.0,1.0,1,289.8585796356201,0.0
Enterobius-vermicularis_0944_jpg.rf.e1ade6bb08f8f3f633b1474856079cac.jpg,1.0,1.0,1.0,1,357.85508155822754,0.0
Enterobius-vermicularis_0582_jpg.rf.e24e48774cb5c7a00b246c3bb348c138.jpg,1.0,1.0,1.0,1,249.87506866455078,0.0
Enterobius-vermicularis_0376_jpg.rf.e4334deb8f35ef7dcbc4ea3dc38ff0c4.jpg,1.0,1.0,1.0,1,367.9356575012207,0.0
Opisthorchis-viverrine_0205_jpg.rf.e4654d55ea91926906ebc3b33da11ba6.jpg,1.0,1.0,1.0,1,426.65886878967285,0.0
Taenia-spp-egg_0360_jpg.rf.e4fd2aae0129b11d549311a867a66dc6.jpg,1.0,1.0,1.0,1,320.1303482055664,0.0
Taenia-spp-egg_0312_jpg.rf.e5791f1e1b5293c61bba94b3e4731693.jpg,1.0,1.0,1.0,1,253.48353385925293,0.0
Taenia-spp-egg_0558_jpg.rf.e5ba1c6d65059137ceac0b7eacf2963a.jpg,1.0,1.0,1.0,1,430.2225112915039,0.0
Enterobius-vermicularis_0754_jpg.rf.e657c4f76a3496fc6d6469e47a6cccc1.jpg,1.0,1.0,1.0,1,359.4973087310791,0.0
Taenia-spp-egg_0657_jpg.rf.e6c4d1f4c0dd00903d3057c735825910.jpg,1.0,1.0,1.0,1,269.32549476623535,0.0
Fasciolopsis-buski_0234_jpg.rf.e682c002e43f1f528c29f23afaf68ca3.jpg,1.0,1.0,1.0,1,426.24568939208984,0.0
Fasciolopsis-buski_0596_jpg.rf.e68da1352fc227afac1d9f84f42e4b1a.jpg,1.0,1.0,1.0,1,441.7717456817627,0.0
Taenia-spp-egg_0880_jpg.rf.e72b3e36f0bdf18de3804bad47d94b2a.jpg,1.0,1.0,1.0,1,316.61415100097656,0.0
Enterobius-vermicularis_0510_jpg.rf.e74811a63e9cf1370a6eff3c164f3dd2.jpg,1.0,1.0,1.0,1,244.08864974975586,0.0
Ascaris-lumbricoides_0156_jpg.rf.e7afbb7efaf3afad03271df973854906.jpg,1.0,1.0,1.0,1,264.5459175109863,0.0
Fasciolopsis-buski_0876_jpg.rf.e828b8417c082b5c6f93946def77a699.jpg,1.0,1.0,1.0,1,252.07161903381348,0.0
100099_png_jpg.rf.e8bd27fe1f62abbc0161f3b1b9b7e2a2.jpg,1.0,1.0,1.0,2,253.88836860656738,0.0
Opisthorchis-viverrine_0705_jpg.rf.e93d16b47256bd9fcd35152ab7e762e4.jpg,1.0,1.0,1.0,1,349.872350692749,0.0
Taenia-spp-egg_0242_jpg.rf.e974126ad3c94624349be90423de9310.jpg,1.0,1.0,1.0,1,415.76385498046875,0.0
Opisthorchis-viverrine_0466_jpg.rf.eb19f6433ca5e037ba64b9bd1c9941e4.jpg,1.0,1.0,1.0,1,426.15485191345215,0.0
Fasciolopsis-buski_0634_jpg.rf.ebb50eefd4dbb282c13f12951ecbff76.jpg,0.5,1.0,0.6666666666666666,2,221.92716598510742,0.0
Enterobius-vermicularis_0261_jpg.rf.ebbd605d10fd712f8c212d63e7f1a081.jpg,1.0,1.0,1.0,1,344.74802017211914,0.0
Ascaris-lumbricoides_0223_jpg.rf.eb38769fbbb1f8cc782e0550471c4be3.jpg,1.0,1.0,1.0,1,345.63517570495605,0.0
100220_png_jpg.rf.ebc93eb334d976ad0573e6acb8a1b767.jpg,0.6666666666666666,0.8,0.7272727272727272,6,312.00146675109863,0.0
Fasciolopsis-buski_0366_jpg.rf.ec18b5bc7ef76e9708d982be6b681e07.jpg,1.0,1.0,1.0,1,323.8682746887207,0.0
Ascaris-lumbricoides_0161_jpg.rf.ec346a77314534fab4988b8fd7e9d545.jpg,1.0,1.0,1.0,1,312.8929138183594,0.0
Fasciolopsis-buski_0920_jpg.rf.ec6b8c39cb2a6ed3c10ac58b114ada9d.jpg,1.0,1.0,1.0,1,347.4743366241455,0.0
Opisthorchis-viverrine_0164_jpg.rf.ec56527f78ec75fdd8ce2404de6c0dc0.jpg,1.0,1.0,1.0,2,436.7330074310303,0.0
Taenia-spp-egg_0486_jpg.rf.ecd9a7bb67101925fc4bba2b109d15ec.jpg,1.0,1.0,1.0,1,431.81777000427246,0.0
Enterobius-vermicularis_0030_jpg.rf.edc0ae2a0874350ab6adb4eed6ca2050.jpg,1.0,1.0,1.0,1,270.9054946899414,0.0
100120_png_jpg.rf.ef3d45bf510ecd32854111afe3c909c5.jpg,1.0,1.0,1.0,1,277.16541290283203,0.0
Ascaris-lumbricoides_0217_jpg.rf.ef0476cc5f4112809ea7783cc1776a35.jpg,1.0,1.0,1.0,2,421.25892639160156,0.0
Opisthorchis-viverrine_0194_jpg.rf.ee7caee058c9519b8ba65e5f952e4f98.jpg,1.0,1.0,1.0,1,450.3183364868164,0.0
Enterobius-vermicularis_0661_jpg.rf.ef9ac55c6112459f6d13f93432eab58d.jpg,1.0,1.0,1.0,1,314.1202926635742,0.0
Taenia-spp-egg_0584_jpg.rf.f05327e5dc58b05b1290a4d0f909dd61.jpg,1.0,1.0,1.0,1,405.0121307373047,0.0
Enterobius-vermicularis_0539_jpg.rf.f06251fc8bdb7d003d70dae1778dddca.jpg,1.0,1.0,1.0,1,316.70093536376953,0.0
Opisthorchis-viverrine_0992_jpg.rf.efca0ec657860ad5c31b8f0c0934d5ae.jpg,1.0,1.0,1.0,1,439.76593017578125,0.0
Fasciolopsis-buski_0223_jpg.rf.ef9c78cacaae363f30d2b400412cc20d.jpg,1.0,1.0,1.0,1,436.9692802429199,0.0
Taenia-spp-egg_0838_jpg.rf.f100294876ba8be2e78696b2f6095bc6.jpg,1.0,1.0,1.0,1,319.42200660705566,0.0
Fasciolopsis-buski_0181_jpg.rf.f12862ffeffd9fe9d0e7efecca0766e9.jpg,1.0,1.0,1.0,1,397.2165584564209,0.0
Opisthorchis-viverrine_0546_jpg.rf.f12f0cbbf3ce1417e8ada29a1947e524.jpg,1.0,1.0,1.0,1,442.63339042663574,0.0
Fasciolopsis-buski_0979_jpg.rf.f2349abd9690eeb071a32406da97f20b.jpg,1.0,1.0,1.0,1,359.6827983856201,0.0
Fasciolopsis-buski_0017_jpg.rf.f36a629f4ee4b0c46535e6bf48c3ba63.jpg,1.0,1.0,1.0,1,289.2625331878662,0.0
Opisthorchis-viverrine_0378_jpg.rf.f2aa5f4548e841885ab4870cd1a56f68.jpg,1.0,1.0,1.0,1,246.4585304260254,0.0
Fasciolopsis-buski_0921_jpg.rf.f288115deefc02e0b0abe801a58202d4.jpg,1.0,1.0,1.0,1,344.8219299316406,0.0
Ascaris-lumbricoides_0386_jpg.rf.f3bdb2d35a111b512fa8e25beacd3380.jpg,1.0,1.0,1.0,1,246.12736701965332,0.0
Opisthorchis-viverrine_0376_jpg.rf.f3b5403adfbabe32db6f8af55896e768.jpg,1.0,1.0,1.0,1,251.48415565490723,0.0
Ascaris-lumbricoides_0116_jpg.rf.f461dab7c5082b2329a33fa45f004c1d.jpg,1.0,1.0,1.0,1,263.08131217956543,0.0
Taenia-spp-egg_0668_jpg.rf.f55cf32086354840f478867ac0f7323d.jpg,1.0,1.0,1.0,1,261.11435890197754,0.0
Enterobius-vermicularis_0070_jpg.rf.f549f4e8a989f25fb811ec41e896543c.jpg,0.5,1.0,0.6666666666666666,2,221.32539749145508,0.0
Taenia-spp-egg_0483_jpg.rf.f5cf3dfacc9db1c739ba75fcdf4757c2.jpg,1.0,1.0,1.0,1,419.91686820983887,0.0
Opisthorchis-viverrine_0145_jpg.rf.f655f4427b25e3429ae8952ed65abd1f.jpg,1.0,1.0,1.0,1,289.3853187561035,0.0
Ascaris-lumbricoides_0457_jpg.rf.f6596ab258b39a2f2c49bb7d940e5eef.jpg,1.0,1.0,1.0,1,238.6186122894287,0.0
Fasciolopsis-buski_0457_jpg.rf.f6ba79f2c92aa78e3b952b3b349e47d8.jpg,1.0,1.0,1.0,1,235.8102798461914,0.0
Ascaris-lumbricoides_0855_jpg.rf.f7b339c9ad82da62533eede29234669c.jpg,1.0,1.0,1.0,1,230.35311698913574,0.0
Fasciolopsis-buski_0467_jpg.rf.f7bc97cceb75ce1f1ab9a5b739cc54ef.jpg,1.0,1.0,1.0,1,321.6884136199951,0.0
Opisthorchis-viverrine_0359_jpg.rf.f7fa0f226ad6515b410184413727f23a.jpg,1.0,1.0,1.0,1,233.89697074890137,0.0
100624_jpg.rf.f9186d87cd948b6a6d87d89a497759b8.jpg,0.7142857142857143,1.0,0.8333333333333333,7,256.84165954589844,0.0
Fasciolopsis-buski_0739_jpg.rf.f9446b9e08b199fdef4dbeb5b8503773.jpg,1.0,1.0,1.0,1,396.55351638793945,0.0
Fasciolopsis-buski_0313_jpg.rf.f93169fa963e536c67fb33d3e27fe78c.jpg,1.0,1.0,1.0,1,458.8510990142822,0.0
Opisthorchis-viverrine_0227_jpg.rf.f8f1d4584001633df5b45a252cd500ad.jpg,1.0,1.0,1.0,1,434.5829486846924,0.0
Enterobius-vermicularis_0006_jpg.rf.f9fc1be14249bfba70e82df6b6d35241.jpg,1.0,1.0,1.0,1,222.6111888885498,0.0
Enterobius-vermicularis_0701_jpg.rf.fa3a2c36f8b118c95b6f48cd36f2dcd1.jpg,1.0,1.0,1.0,1,233.29591751098633,0.0
Opisthorchis-viverrine_0212_jpg.rf.f9b0c421951e2b621d3665611c8d56f9.jpg,1.0,1.0,1.0,1,383.070707321167,0.0
Ascaris-lumbricoides_0701_jpg.rf.fb4c49c27e267043a6a438d59007dd6c.jpg,1.0,1.0,1.0,1,260.3800296783447,0.0
Taenia-spp-egg_0152_jpg.rf.fb40760b0fb9779c7966fd724dcae87c.jpg,1.0,1.0,1.0,1,429.0313720703125,0.0
Taenia-spp-egg_0106_jpg.rf.fc042bd291afad59803be39de80304c8.jpg,1.0,1.0,1.0,1,222.88799285888672,0.0
Taenia-spp-egg_0530_jpg.rf.fcbf38cd3dd4e01dad88ae37503482b1.jpg,1.0,1.0,1.0,1,447.1092224121094,0.0
100304_png_jpg.rf.fd5ed91605cfadf5ceb3b09c448f8d51.jpg,1.0,1.0,1.0,2,218.70136260986328,0.0
Opisthorchis-viverrine_0014_jpg.rf.fd86ff6fa5c691f09cdaa438c25cfb61.jpg,1.0,1.0,1.0,1,265.700101852417,0.0
Opisthorchis-viverrine_0488_jpg.rf.fd0354533b8bd0fa2e734842ffae9615.jpg,1.0,1.0,1.0,1,439.0122890472412,0.0
Opisthorchis-viverrine_0410_jpg.rf.feb80d758a1abc3710a08b9b3c58de6b.jpg,1.0,1.0,1.0,1,313.1096363067627,0.0
Opisthorchis-viverrine_0842_jpg.rf.feb98215ab411bf78a4a4d5c6868b446.jpg,1.0,1.0,1.0,1,246.48356437683105,0.0
Enterobius-vermicularis_0968_jpg.rf.ff743dc1de1a0b4103263ba3a75687c5.jpg,1.0,1.0,1.0,1,346.9958305358887,0.0
Fasciolopsis-buski_0610_jpg.rf.ffea12a6b92bd1045cd7577aeb41b8fe.jpg,1.0,1.0,1.0,1,422.34325408935547,0.0
Ascaris-lumbricoides_0055_jpg.rf.1fcff7e7407c452eae2a2e8bc66d81fd.jpg,1.0,1.0,1.0,1,271.2984085083008,0.0
100443_jpg.rf.1f97b4c74992a7157a1fbf186f361252.jpg,1.0,1.0,1.0,1,236.78302764892578,0.0
Ascaris-lumbricoides_0389_jpg.rf.1fffceecdc21cf84c7d48c3cc38e1e00.jpg,1.0,1.0,1.0,1,315.37652015686035,0.0
Ascaris-lumbricoides_0791_jpg.rf.1f6780043486a55a29aec5325a8403f8.jpg,1.0,1.0,1.0,1,276.8080234527588,0.0
100006_jpg.rf.215aef3af9f633e894a5453725d93d73.jpg,0.5,0.5,0.5,2,309.8604679107666,0.0
Ascaris-lumbricoides_0741_jpg.rf.22e65b2764ed8ffc8b1a93e4c45f349e.jpg,1.0,1.0,1.0,1,346.7435836791992,0.0
Taenia-spp-egg_0341_jpg.rf.233ce22c9f18bb92f2c7ed9411974d4e.jpg,1.0,1.0,1.0,1,233.36458206176758,0.0
Taenia-spp-egg_0894_jpg.rf.2348f6a068d75a41290e2b276de22b29.jpg,1.0,1.0,1.0,1,317.84796714782715,0.0
Opisthorchis-viverrine_0286_jpg.rf.24128e1e37a743200f6c36f266c77d46.jpg,1.0,1.0,1.0,1,430.65524101257324,0.0
Enterobius-vermicularis_0046_jpg.rf.24ab60443e8956fefc8d1f2d6986a967.jpg,1.0,1.0,1.0,1,218.44124794006348,0.0
Ascaris-lumbricoides_0641_jpg.rf.24d89ec9c5a49d8cb4275a849e34f0bf.jpg,1.0,1.0,1.0,1,288.12265396118164,0.0
Enterobius-vermicularis_0408_jpg.rf.24c3c1e5bb2c088058b3ede96fa60404.jpg,1.0,1.0,1.0,1,384.31692123413086,0.0
Opisthorchis-viverrine_0285_jpg.rf.24c7ae2ebac4b23e2b189b23b487d26a.jpg,1.0,1.0,1.0,1,362.98322677612305,0.0
Fasciolopsis-buski_0093_jpg.rf.256c721b126c51b9ee15efd03e74e35a.jpg,1.0,1.0,1.0,1,289.4272804260254,0.0
Enterobius-vermicularis_0352_jpg.rf.273888beaf36fab01b071f64a3a459a2.jpg,1.0,1.0,1.0,1,393.28813552856445,0.0
Opisthorchis-viverrine_0974_jpg.rf.27fe352186498465bbfad7fee46c4996.jpg,1.0,1.0,1.0,1,355.2594184875488,0.0
Fasciolopsis-buski_0751_jpg.rf.28699355f07ee1dc3fb0ebacb7cf1ac7.jpg,1.0,1.0,1.0,1,279.73103523254395,0.0
100251_jpg.rf.28e1888505371a96acbbf891de6fea4c.jpg,1.0,1.0,1.0,1,312.26396560668945,0.0
Ascaris-lumbricoides_0719_jpg.rf.2907be6a20e93961eca7ed0c7ff7e49c.jpg,1.0,1.0,1.0,1,298.31790924072266,0.0
Enterobius-vermicularis_0287_jpg.rf.29fff5be8be5a01a0bc2a76257f1db37.jpg,1.0,1.0,1.0,1,367.7339553833008,0.0
Enterobius-vermicularis_0812_jpg.rf.29f7c1dcb8c13efa68325e58b0887c9c.jpg,1.0,1.0,1.0,1,354.69818115234375,0.0
100004_jpg.rf.2b14a7746159c9e70c998b0feeef1eea.jpg,0.75,1.0,0.8571428571428571,4,314.6507740020752,0.0
Fasciolopsis-buski_0302_jpg.rf.2b975a374047964d15097d851af9163c.jpg,1.0,1.0,1.0,1,383.2895755767822,0.0
100015_jpg.rf.2baf54e0b8a9b6d7d72fc9409b5628d8.jpg,1.0,1.0,1.0,1,281.94737434387207,0.0
Fasciolopsis-buski_0243_jpg.rf.2bc4d7ca2bbec6a9a2a344450c9884c5.jpg,1.0,1.0,1.0,2,448.1034278869629,0.0
100216_png_jpg.rf.2bc90dc1542a23d7ca6bb17ef41baadf.jpg,0.5,1.0,0.6666666666666666,2,309.46898460388184,0.0
Taenia-spp-egg_0671_jpg.rf.2ca06a1299b6d931d80e80a139e5c2c8.jpg,1.0,1.0,1.0,1,288.6993885040283,0.0
Taenia-spp-egg_0253_jpg.rf.2cfd70e1752b1ec72abdba12fdaca10e.jpg,1.0,1.0,1.0,1,325.8697986602783,0.0
Enterobius-vermicularis_0303_jpg.rf.2c9aee89f879d20e8dac967fe613c740.jpg,1.0,1.0,1.0,1,349.66373443603516,0.0
100288_png_jpg.rf.2cd4ef8c0ef0a3fefa1cd8600049f7cd.jpg,1.0,1.0,1.0,1,298.62070083618164,0.0
Enterobius-vermicularis_0678_jpg.rf.2daaccc5bd090301a425f1ee3bbe3023.jpg,1.0,1.0,1.0,1,318.4652328491211,0.0
Enterobius-vermicularis_0593_jpg.rf.2e0ca0767feff73e6c6c32563ecdb8e8.jpg,0.5,1.0,0.6666666666666666,2,323.17209243774414,0.0
100022_jpg.rf.2d77759044795c6fe9ac8ff79b491d11.jpg,1.0,1.0,1.0,4,333.01830291748047,0.0
Fasciolopsis-buski_0588_jpg.rf.2d9d3c61e6bf519fac62518d7d33e5b0.jpg,1.0,1.0,1.0,1,413.7129783630371,0.0
Enterobius-vermicularis_0644_jpg.rf.2ff5ca331e946abc2fa2f7c6d0fbfaf5.jpg,1.0,1.0,1.0,1,254.3489933013916,0.0
Enterobius-vermicularis_0149_jpg.rf.30936fc925a23338911c3dd3b7870522.jpg,1.0,1.0,1.0,1,270.1127529144287,0.0
Taenia-spp-egg_0495_jpg.rf.308a28d9bedd8c77aa464b91f4e8c523.jpg,1.0,1.0,1.0,1,461.20619773864746,0.0
Fasciolopsis-buski_0183_jpg.rf.2f6b972988bb96ae2cba17e519d559eb.jpg,1.0,1.0,1.0,1,449.329137802124,0.0
100111_png_jpg.rf.30d211939a277e61c02a7f959facbdba.jpg,0.5,1.0,0.6666666666666666,2,292.01531410217285,0.0
Enterobius-vermicularis_0087_jpg.rf.3222339847d037092aaca5b108b7ce97.jpg,1.0,1.0,1.0,1,266.4830684661865,0.0
Taenia-spp-egg_0629_jpg.rf.336f38373c18de1e73aeb84d074346f5.jpg,1.0,1.0,1.0,1,265.36083221435547,0.0
Opisthorchis-viverrine_0984_jpg.rf.33327fb8a0025e53a51f77b6e80b6dc4.jpg,1.0,1.0,1.0,1,376.5544891357422,0.0
Enterobius-vermicularis_0239_jpg.rf.34eb7f9df9b22a5703da2ea522416990.jpg,1.0,1.0,1.0,1,268.9194679260254,0.0
Fasciolopsis-buski_0833_jpg.rf.34fcc624ed729987b08f193f3547202f.jpg,1.0,1.0,1.0,1,322.6923942565918,0.0
Enterobius-vermicularis_0591_jpg.rf.360042bc43e0bf04faf8495af140fe34.jpg,0.0,0.0,0.0,0,234.421968460083,0.0
Enterobius-vermicularis_0155_jpg.rf.361cd8b0ba57413f201ac80dd5661a51.jpg,1.0,1.0,1.0,1,265.8393383026123,0.0
Opisthorchis-viverrine_0624_jpg.rf.37216672ec48ca2e855a19c353b04539.jpg,1.0,1.0,1.0,1,221.07434272766113,0.0
100605_jpg.rf.371be534cabd84dfc485e361d2d2da57.jpg,1.0,0.4,0.5714285714285715,2,253.73482704162598,0.0
Enterobius-vermicularis_0386_jpg.rf.37389ee28e3c21d067e4f8fc94c98c45.jpg,1.0,1.0,1.0,1,353.3346652984619,0.0
Ascaris-lumbricoides_0615_jpg.rf.374a1e062984cf772f5f2a45a78d36c1.jpg,1.0,1.0,1.0,1,291.8083667755127,0.0
100183_png_jpg.rf.376e3fc0caf67927a69a402241d787d2.jpg,1.0,1.0,1.0,7,313.25602531433105,0.0
Opisthorchis-viverrine_0233_jpg.rf.3770409fd0201dc756551fa668011a91.jpg,1.0,1.0,1.0,1,422.88827896118164,0.0
Fasciolopsis-buski_0416_jpg.rf.37a64ab6ccd272172ace022a394db4aa.jpg,1.0,1.0,1.0,1,328.5784721374512,0.0
Opisthorchis-viverrine_0199_jpg.rf.398838561ce413e9875802d54c306bde.jpg,1.0,1.0,1.0,1,351.7916202545166,0.0
Taenia-spp-egg_0877_jpg.rf.39b2ca7875d2d128630b7984a5c05de5.jpg,1.0,1.0,1.0,1,324.7871398925781,0.0
Enterobius-vermicularis_0156_jpg.rf.39c4b0f6af21e0a377100776078ab231.jpg,1.0,1.0,1.0,1,221.6033935546875,0.0
Enterobius-vermicularis_0147_jpg.rf.3a2f8a2c91393111cf747c0ab485abf5.jpg,1.0,1.0,1.0,1,267.500638961792,0.0
Fasciolopsis-buski_0621_jpg.rf.3ae59acac6eecabc95df7174e53bf27f.jpg,1.0,1.0,1.0,1,263.6232376098633,0.0
Opisthorchis-viverrine_0401_jpg.rf.3b415603657136e7909a83f332613970.jpg,0.0,0.0,0.0,0,236.00149154663086,0.0
Taenia-spp-egg_0672_jpg.rf.3ac275fd92a06874860e6fe5e78dd1e7.jpg,1.0,1.0,1.0,1,219.09475326538086,0.0
Fasciolopsis-buski_0482_jpg.rf.3b1c04be7f5a4129e66dbd22c7819e3b.jpg,1.0,1.0,1.0,1,437.5419616699219,0.0
Opisthorchis-viverrine_0223_jpg.rf.3d1e0340da75435f3c2abcc5539ed073.jpg,1.0,1.0,1.0,1,317.1253204345703,0.0
Ascaris-lumbricoides_0510_jpg.rf.3cd6a9d6822ccaef4499aadb953f4262.jpg,1.0,1.0,1.0,1,393.08762550354004,0.0
Fasciolopsis-buski_0027_jpg.rf.3cf76538f76dcc32cb6593689dbfd8e2.jpg,1.0,1.0,1.0,1,296.6296672821045,0.0
100159_png_jpg.rf.3d0538cc44abd1cea5e524ac71b5c54c.jpg,0.6666666666666666,1.0,0.8,3,328.9368152618408,0.0
Fasciolopsis-buski_0522_jpg.rf.3dc178852ad11d137ecb35a35fa9ef13.jpg,1.0,1.0,1.0,1,423.01273345947266,0.0
Taenia-spp-egg_0932_jpg.rf.3df60f67b2c57de0ee64dc4a99c3a9d4.jpg,1.0,1.0,1.0,1,340.38543701171875,0.0
Opisthorchis-viverrine_0955_jpg.rf.c18ddd02b5b82dd74b86f27510bb7c42.jpg,1.0,1.0,1.0,1,292.7403450012207,0.0
Opisthorchis-viverrine_0198_jpg.rf.c2d1af27b2f636928a78e92a52cfab37.jpg,1.0,1.0,1.0,1,416.08285903930664,0.0
Enterobius-vermicularis_0247_jpg.rf.c20290ab0848281cdf39906db71a2aea.jpg,0.5,1.0,0.6666666666666666,2,295.84503173828125,0.0
Fasciolopsis-buski_0159_jpg.rf.c34d6cf5b2bb82c6f6d5f97f0bce2b38.jpg,0.5,1.0,0.6666666666666666,2,293.4863567352295,0.0
Taenia-spp-egg_0824_jpg.rf.c35db28b39ccb4dd28a98065807838d3.jpg,1.0,1.0,1.0,1,251.04212760925293,0.0
100155_png_jpg.rf.c34fa75d242463498b00705444863aba.jpg,1.0,1.0,1.0,2,314.58234786987305,0.0
Fasciolopsis-buski_0850_jpg.rf.c3be245986441d3a9fd9f544c570d02d.jpg,1.0,1.0,1.0,1,326.5407085418701,0.0
Fasciolopsis-buski_0182_jpg.rf.c38d114131e21ceeddd21d5ea6fcc9c1.jpg,1.0,1.0,1.0,1,420.5358028411865,0.0
100192_jpg.rf.c3e4f556a0a8f50315a6c7b4a36a25ff.jpg,1.0,1.0,1.0,1,310.8944892883301,0.0
Ascaris-lumbricoides_0982_jpg.rf.c44ba51501077b6271444253d9f3af54.jpg,1.0,1.0,1.0,1,382.4279308319092,0.0
Ascaris-lumbricoides_0182_jpg.rf.c433367c8b430bb8c61a19c8f72d76dc.jpg,1.0,1.0,1.0,1,437.96420097351074,0.0
Opisthorchis-viverrine_0492_jpg.rf.c3fe165c5f620c8e271e05d338cfeadd.jpg,1.0,1.0,1.0,1,442.0733451843262,0.0
Opisthorchis-viverrine_0880_jpg.rf.c54da435768b324ca336d4ab5e89c95f.jpg,1.0,1.0,1.0,1,254.39739227294922,0.0
Fasciolopsis-buski_0355_jpg.rf.c5ef7862c9a0cd331111248658445ada.jpg,1.0,1.0,1.0,1,323.0588436126709,0.0
Taenia-spp-egg_0330_jpg.rf.c61743077899ded573f7dc57c69c7c38.jpg,1.0,1.0,1.0,1,255.17702102661133,0.0
Taenia-spp-egg_0437_jpg.rf.c6b253cf8bf382a6aa41257eb6915737.jpg,1.0,1.0,1.0,1,317.8834915161133,0.0
Ascaris-lumbricoides_0728_jpg.rf.c73212552565d328f0337045f3accec1.jpg,1.0,1.0,1.0,1,347.0339775085449,0.0
Ascaris-lumbricoides_0447_jpg.rf.c84b4de148cc9e45d2f37fc1d60738de.jpg,1.0,1.0,1.0,1,245.6798553466797,0.0
Opisthorchis-viverrine_0548_jpg.rf.c85085f774384ea1b016c6c4adf0046c.jpg,1.0,1.0,1.0,1,420.88985443115234,0.0
Enterobius-vermicularis_0529_jpg.rf.c8a4964b60a6ad54ec51ae61b3546113.jpg,1.0,1.0,1.0,1,318.1757926940918,0.0
100077_jpg.rf.c96ff1c11ee705649c8df118c07e8d25.jpg,1.0,1.0,1.0,7,314.6495819091797,0.0
Enterobius-vermicularis_0546_jpg.rf.c9845daeec46b48633f17ca2d38befbb.jpg,1.0,1.0,1.0,1,257.4176788330078,0.0
Enterobius-vermicularis_0186_jpg.rf.c9816029ac57bc2abdf3ae5a47e710dd.jpg,1.0,1.0,1.0,1,271.3921070098877,0.0
Fasciolopsis-buski_0096_jpg.rf.c9f4309736221adb620ff60c99669454.jpg,1.0,1.0,1.0,1,223.62565994262695,0.0
Fasciolopsis-buski_0324_jpg.rf.ca25e718d129950acb1e5e6164b782a5.jpg,1.0,1.0,1.0,1,321.1534023284912,0.0
Ascaris-lumbricoides_0803_jpg.rf.caa9021b293e6e4c7181b50ad84d5e3e.jpg,1.0,1.0,1.0,1,369.4486618041992,0.0
Opisthorchis-viverrine_0249_jpg.rf.ca156a8c422c11dd640932d51a90f33e.jpg,1.0,1.0,1.0,1,340.05188941955566,0.0
Ascaris-lumbricoides_0612_jpg.rf.cb34790acf5a30a5e1fda1f8831772be.jpg,1.0,1.0,1.0,1,223.31857681274414,0.0
Taenia-spp-egg_0256_jpg.rf.cae732146b32f93209c42eb5600b2f39.jpg,1.0,1.0,1.0,1,421.7538833618164,0.0
Fasciolopsis-buski_0940_jpg.rf.cadacd2568c98ded3831f6f8299d52bf.jpg,1.0,1.0,1.0,1,360.95499992370605,0.0
Taenia-spp-egg_0396_jpg.rf.cc1afb4ef61d35f9e92397c543eec9df.jpg,1.0,1.0,1.0,1,247.9536533355713,0.0
Enterobius-vermicularis_0511_jpg.rf.cce4fbf5a5167ff9b79140e4e791adf5.jpg,0.5,1.0,0.6666666666666666,2,314.7773742675781,0.0
Enterobius-vermicularis_0939_jpg.rf.cd129d6364e5fbe9498e5d2ee3cf1801.jpg,1.0,1.0,1.0,1,281.63647651672363,0.0
Taenia-spp-egg_0538_jpg.rf.cd1fa44764d1737c451638566153eef8.jpg,1.0,1.0,1.0,1,456.8979740142822,0.0
Fasciolopsis-buski_0472_jpg.rf.ce009e051f4c174b93858e025765a92a.jpg,1.0,1.0,1.0,1,406.56065940856934,0.0
Enterobius-vermicularis_0497_jpg.rf.cfdf05d9354c79ccaac202a9fc411801.jpg,1.0,1.0,1.0,1,289.7524833679199,0.0
Fasciolopsis-buski_0133_jpg.rf.d0cdaa935f4baaf601d5bf31db63af6e.jpg,1.0,1.0,1.0,1,269.2065238952637,0.0
Fasciolopsis-buski_0248_jpg.rf.d138a538945ea65a41b834d67c6b2925.jpg,1.0,1.0,1.0,1,428.3769130706787,0.0
Ascaris-lumbricoides_0256_jpg.rf.d1a8f86533d759139a329197b9678bfc.jpg,1.0,1.0,1.0,2,452.90112495422363,0.0
Taenia-spp-egg_0295_jpg.rf.d202db47f317904adcc7b0eef2f977c8.jpg,1.0,1.0,1.0,1,424.14021492004395,0.0
100010_jpg.rf.d2453f88f4002a000138b5c3849d371d.jpg,1.0,1.0,1.0,2,261.2621784210205,0.0
Taenia-spp-egg_0978_jpg.rf.d20874b60cb71b343db7bab9d744616c.jpg,1.0,1.0,1.0,2,376.6336441040039,0.0
Opisthorchis-viverrine_0311_jpg.rf.d2cb4b761c84f837b2c7dc211236a29b.jpg,0.25,1.0,0.4,4,314.8791790008545,0.0
Fasciolopsis-buski_0125_jpg.rf.d2fac9154d6f698a8b675244af5484d9.jpg,1.0,1.0,1.0,1,268.24402809143066,0.0
Enterobius-vermicularis_0619_jpg.rf.d3004c98b3e163260532ffddc5c3cdd8.jpg,1.0,1.0,1.0,1,243.02363395690918,0.0
100214_png_jpg.rf.d3bd4028629224534aee718f37804199.jpg,1.0,1.0,1.0,2,311.17987632751465,0.0
Ascaris-lumbricoides_0518_jpg.rf.d42c0b94e45d9238c1d2bd1f19ab83f8.jpg,1.0,1.0,1.0,1,444.65136528015137,0.0
Opisthorchis-viverrine_0075_jpg.rf.d53aed778b3f546bd2b8d529882f1cf1.jpg,1.0,1.0,1.0,1,296.2832450866699,0.0
Taenia-spp-egg_0859_jpg.rf.d56c8f321f4be82c6f082efd0a53b9a2.jpg,1.0,1.0,1.0,1,241.3010597229004,0.0
Taenia-spp-egg_0607_jpg.rf.d659f8295fc5e3d2867a34e3f7534ee0.jpg,1.0,1.0,1.0,1,270.5042362213135,0.0
Opisthorchis-viverrine_0601_jpg.rf.d68c2009fedbe20ede071364b97e6dca.jpg,1.0,1.0,1.0,1,318.54248046875,0.0
Taenia-spp-egg_0966_jpg.rf.d6f9713ab358d824a60b678ccecf4f63.jpg,1.0,1.0,1.0,1,367.46883392333984,0.0
Fasciolopsis-buski_0803_jpg.rf.d6fc74abdfc56dfce7a07eb55430edaf.jpg,0.5,1.0,0.6666666666666666,2,278.06735038757324,0.0
Ascaris-lumbricoides_0504_jpg.rf.d77f04b93ce1df35b218cb6b78eb96a5.jpg,1.0,1.0,1.0,1,421.67043685913086,0.0
Taenia-spp-egg_0598_jpg.rf.d7ff419f8cb11d2948b1584b1ed1dd41.jpg,1.0,1.0,1.0,1,417.95992851257324,0.0
Ascaris-lumbricoides_0508_jpg.rf.d87d855baffc655eeb8e935913f72caa.jpg,1.0,1.0,1.0,1,424.8614311218262,0.0
Ascaris-lumbricoides_0558_jpg.rf.d85e014a61519ecbff82bc8cbc85a27f.jpg,1.0,1.0,1.0,1,428.23314666748047,0.0
100358_png_jpg.rf.d90afe055ecd59fb092439fe66482e63.jpg,1.0,1.0,1.0,1,233.88004302978516,0.0
Taenia-spp-egg_0077_jpg.rf.d8e9dc423e4587b888257cea61209e82.jpg,1.0,1.0,1.0,1,269.1965103149414,0.0
Ascaris-lumbricoides_0381_jpg.rf.d938813156ba4a3f365ec8bd21bef28e.jpg,1.0,1.0,1.0,1,240.07868766784668,0.0
Enterobius-vermicularis_0671_jpg.rf.d92ecb43c4eb513e591bfb7f32aac48b.jpg,1.0,1.0,1.0,1,319.45276260375977,0.0
Ascaris-lumbricoides_0734_jpg.rf.d9d1315ea9131143d1021d5431b91c96.jpg,1.0,1.0,1.0,1,371.08683586120605,0.0
Enterobius-vermicularis_0172_jpg.rf.da861bc7e3f37f43d46f40ea56d9b70a.jpg,1.0,1.0,1.0,1,266.95728302001953,0.0
Enterobius-vermicularis_0586_jpg.rf.db3c7c417c7f72d9f4b6253d63d7f98d.jpg,1.0,1.0,1.0,1,251.40070915222168,0.0
Opisthorchis-viverrine_0757_jpg.rf.dc3082c984df0858b0adb228ced3335d.jpg,0.5,1.0,0.6666666666666666,2,353.7912368774414,0.0
Taenia-spp-egg_0285_jpg.rf.dcbee5facb6af59c2eeb82150079063e.jpg,1.0,1.0,1.0,1,324.8734474182129,0.0
Fasciolopsis-buski_0365_jpg.rf.dd3fd61d8b477d435899f0342d8533f1.jpg,1.0,1.0,1.0,1,243.8945770263672,0.0
Ascaris-lumbricoides_0866_jpg.rf.de7b814b677a0dbc70178914591520e0.jpg,1.0,1.0,1.0,1,325.0868320465088,0.0
Fasciolopsis-buski_0353_jpg.rf.e02dba4df57b797b2b96a9e413c4c895.jpg,1.0,1.0,1.0,1,319.4231986999512,0.0
Enterobius-vermicularis_0112_jpg.rf.e0722bccd712643b18c67b3e59d67c54.jpg,1.0,1.0,1.0,1,223.83403778076172,0.0
